{"cameraMode":{"drawMode":0,"name":"Shaded","section":"Shading Mode"},"sceneLighting":true,"audioPlay":false,"sceneViewState":{"showFog":true,"showMaterialUpdate":false,"showSkybox":true,"showFlares":true,"showImageEffects":true,"showParticleSystems":true},"in2DMode":false,"pivot":{"x":-0.032818473875522616,"y":-0.0051278769969940189,"z":0.026833074167370797},"rotation":{"x":0.6720913052558899,"y":0.021093424409627916,"z":-0.019159788265824319,"w":0.7399197220802307},"size":0.3034171462059021,"orthographic":false}